epoch,train_loss,val_loss
0,0.8391705118119717,0.9635497964918613
